{"clip_length": 500, "top_fraction": 0.2, "max_frame": null, "allowed_hash": null, "clips": [{"start": 501, "end": 1000, "score": 5.882169246673584}, {"start": 1510, "end": 2009, "score": 7.249241828918457}, {"start": 3012, "end": 3202, "score": 8.278277397155762}]}