{"clip_length": 500, "top_fraction": 0.2, "max_frame": null, "clips": [{"start": 500, "end": 999, "score": 9.734160423278809}, {"start": 4027, "end": 4526, "score": 9.09019947052002}, {"start": 6028, "end": 6527, "score": 9.675409317016602}]}