{"clip_length": 500, "top_fraction": 0.2, "max_frame": null, "allowed_hash": null, "clips": [{"start": 22, "end": 538, "score": 9.175536155700684}, {"start": 539, "end": 1040, "score": 6.665307521820068}, {"start": 3043, "end": 3230, "score": 8.17740249633789}]}