{
  "epoch": 1,
  "checkpoint": "/home/moritz/Foundential Model/output/baseline/checkpoints/dino_epoch1.pt",
  "metrics": {
    "similarity": {
      "epoch": 1,
      "train_sws": 0.4616924790859674,
      "train_augmentation_stability": {
        "hflip": 0.6781056411620231,
        "color_jitter": 0.9858616971373558,
        "blur": 0.9965773838758467
      },
      "val_sws": 0.4630295868034352,
      "val_augmentation_stability": {
        "hflip": 0.6509963947621727,
        "color_jitter": 0.986783120751381,
        "blur": 0.9962439507842064
      }
    }
  }
}