{
  "epoch": 1,
  "checkpoint": "/home/moritz/Foundential Model/output/baseline/checkpoints/dino_epoch1.pt",
  "metrics": {
    "similarity": {
      "epoch": 1,
      "train_sws": 0.4659518471245649,
      "train_augmentation_stability": {
        "hflip": 0.6832839539190756,
        "color_jitter": 0.9855343660712242,
        "blur": 0.9971717579364777
      },
      "val_sws": 0.4608992677207957,
      "val_augmentation_stability": {
        "hflip": 0.6520402474661823,
        "color_jitter": 0.9854292622804642,
        "blur": 0.996104091644287
      }
    }
  }
}