{
  "epoch": 10,
  "checkpoint": "/home/moritz/Foundential Model/output/baseline/checkpoints/dino_epoch10.pt",
  "metrics": {
    "similarity": {
      "epoch": 10,
      "train_sws": 0.5256438321709199,
      "train_augmentation_stability": {
        "hflip": 0.6563075649715028,
        "color_jitter": 0.989546881914139,
        "blur": 0.9971329877376556
      },
      "val_sws": 0.5419953284452945,
      "val_augmentation_stability": {
        "hflip": 0.6690336135870312,
        "color_jitter": 0.9908850004673004,
        "blur": 0.9979182118177414
      }
    }
  }
}