{
  "epoch": 1,
  "checkpoint": "/home/moritz/Foundential Model/output/baseline/checkpoints/dino_epoch1.pt",
  "metrics": {
    "similarity": {
      "epoch": 1,
      "train_sws": 0.45376660209112385,
      "train_augmentation_stability": {
        "hflip": 0.6304008883601637,
        "color_jitter": 0.9857901720404623,
        "blur": 0.997023113012314
      },
      "val_sws": 0.46463694345130624,
      "val_augmentation_stability": {
        "hflip": 0.6372754499679432,
        "color_jitter": 0.9822489136159419,
        "blur": 0.9957728804349898
      }
    }
  }
}