{"clip_length": 500, "top_fraction": 0.2, "max_frame": null, "allowed_hash": null, "clips": [{"start": 0, "end": 499, "score": 14.3400239944458}, {"start": 3000, "end": 3499, "score": 12.092511177062988}]}