{"clip_length": 500, "top_fraction": 0.2, "max_frame": null, "allowed_hash": null, "clips": [{"start": 500, "end": 999, "score": 10.317398071289062}, {"start": 1500, "end": 1999, "score": 12.102331161499023}]}