{"clip_length": 500, "top_fraction": 0.2, "max_frame": null, "allowed_hash": null, "clips": [{"start": 500, "end": 1003, "score": 5.73697566986084}, {"start": 2505, "end": 3006, "score": 7.442219257354736}, {"start": 5008, "end": 5508, "score": 7.244150161743164}, {"start": 6013, "end": 6113, "score": 9.126775741577148}]}