{"clip_length": 500, "top_fraction": 0.2, "max_frame": null, "allowed_hash": -3182104976335711603, "clips": [{"start": 0, "end": 499, "score": 2.7382659912109375}, {"start": 4007, "end": 4506, "score": 2.351253032684326}, {"start": 5008, "end": 5508, "score": 2.4383511543273926}]}