{"clip_length": 500, "top_fraction": 0.2, "max_frame": null, "allowed_hash": null, "clips": [{"start": 1017, "end": 1516, "score": 2.496358871459961}, {"start": 3571, "end": 4070, "score": 2.2038826942443848}, {"start": 5071, "end": 5570, "score": 3.1192057132720947}, {"start": 7103, "end": 7216, "score": 3.358520030975342}]}