{"clip_length": 500, "top_fraction": 0.2, "max_frame": null, "allowed_hash": 5758663097951142726, "clips": [{"start": 0, "end": 500, "score": 11.262208938598633}, {"start": 2010, "end": 2511, "score": 10.397189140319824}, {"start": 3513, "end": 4193, "score": 8.998379707336426}]}