{"lr/pg5":0.0066570848095300564,"val/box_loss":2.27218,"_step":2,"lr/pg6":0.01997125442859017,"lr/pg0":0.01997125442859017,"train/cls_loss":2.6934,"metrics/mAP50-95(B)":0.06854,"_wandb":{"runtime":573},"labels":{"size":152954,"path":"media/images/labels_1_1cd8b0e4067f93fb284e.jpg","format":"jpg","width":1600,"height":1600,"_type":"image-file","sha256":"1cd8b0e4067f93fb284e7fc714367129f2804a53b6c7fc0c1a3fde3c351983d4"},"metrics/mAP50(B)":0.15666,"metrics/recall(B)":0.20408,"train/dfl_loss":2.01237,"train/box_loss":2.05891,"metrics/precision(B)":0.33247,"lr/pg2":0.01997125442859017,"lr/pg4":0.01997125442859017,"train_batch2":{"sha256":"953cb5a06f364198def39835b11fe149538def8a3a8d1bd57237903537645ce3","size":449896,"path":"media/images/train_batch2_1_953cb5a06f364198def3.jpg","format":"jpg","width":1920,"height":1920,"_type":"image-file"},"_runtime":573,"model/parameters":9136037,"val/cls_loss":2.89139,"val/dfl_loss":2.30588,"train_batch0":{"format":"jpg","width":1920,"height":1920,"_type":"image-file","sha256":"f25d78cb88f92435c5a2fe0f8b0c0c29023dda5d202110a583cb9067cdd19534","size":512394,"path":"media/images/train_batch0_1_f25d78cb88f92435c5a2.jpg"},"_timestamp":1.7768707890429738e+09,"model/GFLOPs":19.648,"train_batch1":{"sha256":"ed6ef40bf190f1aaa73e713031630789bca9138cf81f04c4945a6518b44496c0","size":457087,"path":"media/images/train_batch1_1_ed6ef40bf190f1aaa73e.jpg","format":"jpg","width":1920,"height":1920,"_type":"image-file"},"lr/pg7":0.0066570848095300564,"lr/pg3":0.0066570848095300564,"lr/pg1":0.0066570848095300564,"model/speed_PyTorch(ms)":0.698}