{"clip_length": 500, "top_fraction": 0.2, "max_frame": null, "allowed_hash": null, "clips": [{"start": 0, "end": 499, "score": 10.968780517578125}, {"start": 2006, "end": 2574, "score": 7.459218502044678}]}