{"clip_length": 500, "top_fraction": 0.2, "max_frame": null, "allowed_hash": -5902782339162063959, "clips": [{"start": 500, "end": 999, "score": 7.300209045410156}, {"start": 3509, "end": 4008, "score": 9.108938217163086}, {"start": 6474, "end": 6973, "score": 8.114680290222168}]}