{"clip_length": 500, "top_fraction": 0.2, "max_frame": null, "allowed_hash": null, "clips": [{"start": 500, "end": 999, "score": 7.066589832305908}, {"start": 4046, "end": 4438, "score": 8.558557510375977}]}