{"clip_length": 500, "top_fraction": 0.2, "max_frame": null, "allowed_hash": null, "clips": [{"start": 0, "end": 499, "score": 8.279897689819336}, {"start": 1001, "end": 1501, "score": 7.41011381149292}, {"start": 6004, "end": 6507, "score": 10.212546348571777}]}