{"objects": {"1": {"label": "Microdissectors", "box": [1483.0000019073486, 429.50000762939453, 1905.5000019073486, 582.0000076293945], "n_blobs": 2, "obj_start": 0, "obj_end": 98}, "2": {"label": "Microdissectors", "box": [713.0000019073486, 927.0000076293945, 873.0000019073486, 1067.0000076293945], "n_blobs": 2, "obj_start": 28, "obj_end": 77}, "3": {"label": "Bipolar", "box": [9.500003427267279, 778.1249862578183, 247.00001758337126, 971.8749828360702], "n_blobs": 4, "obj_start": 76, "obj_end": 125}}, "bboxes": {"0": {"1": [1457, 401, 1920, 566]}, "1": {"1": [1033, 351, 1459, 628]}, "2": {"1": null}, "3": {"1": null}, "4": {"1": null}, "5": {"1": null}, "6": {"1": null}, "7": {"1": null}, "8": {"1": null}, "9": {"1": null}, "10": {"1": null}, "11": {"1": null}, "12": {"1": null}, "13": {"1": null}, "14": {"1": null}, "15": {"1": null}, "16": {"1": null}, "17": {"1": null}, "18": {"1": null}, "19": {"1": null}, "20": {"1": null}, "21": {"1": null}, "22": {"1": null}, "23": {"1": null}, "24": {"1": null}, "25": {"1": null}, "26": {"1": null}, "27": {"1": null}, "28": {"1": [1424, 703, 1920, 1002], "2": [706, 938, 876, 1080]}, "29": {"1": [1220, 567, 1920, 831], "2": [795, 902, 1040, 1080]}, "30": {"1": [1306, 498, 1920, 656], "2": [449, 565, 1197, 1080]}, "31": {"1": [1446, 520, 1920, 683], "2": [162, 417, 1175, 1080]}, "32": {"1": [1438, 454, 1920, 561], "2": [284, 481, 1205, 1080]}, "33": {"1": [1380, 461, 1920, 639], "2": [274, 495, 1182, 1080]}, "34": {"1": [1311, 400, 1920, 542], "2": [318, 542, 1194, 1080]}, "35": {"1": [1293, 396, 1920, 568], "2": [254, 491, 1178, 1080]}, "36": {"1": [1300, 369, 1920, 551], "2": [420, 478, 1236, 1080]}, "37": {"1": [1297, 391, 1920, 560], "2": [498, 408, 1266, 1012]}, "38": {"1": [1298, 388, 1920, 561], "2": [715, 447, 1283, 839]}, "39": {"1": [1306, 360, 1920, 551], "2": [863, 497, 1291, 775]}, "40": {"1": [1308, 366, 1920, 557], "2": [935, 488, 1224, 699]}, "41": {"1": [1304, 366, 1920, 555], "2": [988, 489, 1200, 662]}, "42": {"1": [1249, 367, 1920, 619], "2": [1020, 546, 1150, 662]}, "43": {"1": [1258, 399, 1920, 630], "2": [944, 578, 1155, 715]}, "44": {"1": [1257, 352, 1920, 594], "2": [1034, 559, 1236, 703]}, "45": {"1": [1239, 367, 1920, 620], "2": [1033, 516, 1170, 627]}, "46": {"1": [1215, 373, 1920, 639], "2": [1023, 578, 1153, 683]}, "47": {"1": [1234, 418, 1920, 680], "2": [899, 583, 1148, 719]}, "48": {"1": [1284, 384, 1920, 612], "2": [847, 571, 1145, 735]}, "49": {"2": [775, 492, 1114, 697], "1": [1263, 352, 1920, 586]}, "50": {"2": [753, 491, 1123, 729], "1": [1355, 334, 1920, 498]}, "51": {"2": [881, 974, 1084, 1080], "1": [1324, 329, 1920, 561]}, "52": {"2": null, "1": [1282, 115, 1920, 647]}, "53": {"2": null, "1": [1382, 186, 1920, 519]}, "54": {"2": null, "1": [1346, 253, 1920, 594]}, "55": {"2": null, "1": [957, 0, 1387, 764]}, "56": {"2": null, "1": null}, "57": {"2": null, "1": null}, "58": {"2": null, "1": null}, "59": {"2": null, "1": null}, "60": {"2": null, "1": null}, "61": {"2": null, "1": null}, "62": {"2": null, "1": null}, "63": {"2": null, "1": null}, "64": {"2": null, "1": null}, "65": {"2": null, "1": null}, "66": {"2": null, "1": null}, "67": {"2": null, "1": null}, "68": {"2": null, "1": null}, "69": {"2": null, "1": null}, "70": {"2": null, "1": null}, "71": {"2": null, "1": null}, "72": {"2": null, "1": [1715, 971, 1920, 1080]}, "73": {"2": null, "1": [1857, 983, 1920, 1080]}, "74": {"2": null, "1": [1559, 943, 1920, 1080]}, "75": {"2": null, "1": [1617, 906, 1920, 1077]}, "76": {"2": null, "1": [1590, 599, 1920, 760], "3": [0, 799, 261, 974]}, "77": {"2": null, "1": [1457, 546, 1920, 720], "3": [0, 638, 394, 1066]}, "78": {"1": [1461, 528, 1920, 646], "3": [0, 737, 588, 1080]}, "79": {"1": [1314, 379, 1920, 470], "3": [0, 625, 746, 1080]}, "80": {"1": [1440, 494, 1920, 607], "3": [0, 344, 1143, 1080]}, "81": {"1": [1448, 476, 1920, 572], "3": [0, 355, 1266, 1080]}, "82": {"1": [1435, 495, 1920, 628], "3": [0, 617, 882, 1080]}, "83": {"1": [1391, 477, 1920, 611], "3": [0, 432, 1118, 1080]}, "84": {"1": [1294, 447, 1920, 605], "3": [0, 435, 1092, 1080]}, "85": {"1": [1365, 459, 1920, 618], "3": [0, 449, 1190, 1080]}, "86": {"1": [1306, 392, 1920, 602], "3": [0, 390, 1245, 1080]}, "87": {"1": [1305, 402, 1920, 617], "3": [0, 378, 1242, 1080]}, "88": {"1": [1319, 426, 1920, 615], "3": [0, 432, 1181, 1080]}, "89": {"1": [1330, 400, 1920, 595], "3": [71, 348, 1281, 1080]}, "90": {"1": [1336, 401, 1920, 587], "3": [0, 459, 1194, 1080]}, "91": {"1": [1384, 411, 1920, 576], "3": [0, 696, 1003, 1080]}, "92": {"1": [1423, 445, 1920, 597], "3": null}, "93": {"1": [861, 53, 1920, 739], "3": null}, "94": {"1": null, "3": null}, "95": {"1": null, "3": null}, "96": {"1": null, "3": null}, "97": {"1": null, "3": null}, "98": {"1": null, "3": null}, "99": {"3": null}, "100": {"3": null}, "101": {"3": null}, "102": {"3": null}, "103": {"3": null}, "104": {"3": null}, "105": {"3": null}, "106": {"3": null}, "107": {"3": null}, "108": {"3": null}, "109": {"3": null}, "110": {"3": null}, "111": {"3": null}, "112": {"3": [0, 760, 396, 1080]}, "113": {"3": [0, 259, 304, 591]}, "114": {"3": [0, 203, 689, 673]}, "115": {"3": [0, 106, 282, 251]}, "116": {"3": [0, 0, 171, 302]}, "117": {"3": null}, "118": {"3": [0, 0, 260, 123]}, "119": {"3": [0, 0, 197, 84]}, "120": {"3": [0, 0, 51, 29]}, "121": {"3": null}, "122": {"3": null}, "123": {"3": null}, "124": {"3": null}, "125": {"3": null}}, "oof": {}, "review_marks": [0, 88], "blurry_ranges": [], "start": 0, "end": 125, "current_frame": 88}