{"clip_length": 500, "top_fraction": 0.2, "max_frame": null, "allowed_hash": null, "clips": [{"start": 0, "end": 500, "score": 11.093633651733398}, {"start": 501, "end": 1003, "score": 7.7637619972229}, {"start": 4557, "end": 5071, "score": 6.769525051116943}, {"start": 5072, "end": 5105, "score": 14.83551025390625}]}