{"clip_length": 500, "top_fraction": 0.2, "max_frame": null, "allowed_hash": null, "clips": [{"start": 0, "end": 500, "score": 11.989108085632324}, {"start": 1001, "end": 1500, "score": 6.345775604248047}, {"start": 2502, "end": 2534, "score": 14.181674003601074}]}