{"clip_length": 500, "top_fraction": 0.2, "max_frame": null, "clips": [{"start": 0, "end": 499, "score": 9.767729759216309}, {"start": 1002, "end": 1117, "score": 14.984945297241211}]}