{"clip_length": 500, "top_fraction": 0.2, "max_frame": null, "allowed_hash": 6067848541763902282, "clips": [{"start": 1503, "end": 2003, "score": 9.319843292236328}, {"start": 3504, "end": 4003, "score": 6.538501262664795}, {"start": 4004, "end": 4503, "score": 11.170065879821777}]}