{"clip_length": 500, "top_fraction": 0.2, "max_frame": null, "allowed_hash": null, "clips": [{"start": 0, "end": 499, "score": 2.809093713760376}, {"start": 2003, "end": 2139, "score": 3.4829928874969482}]}