{"clip_length": 500, "top_fraction": 0.2, "max_frame": null, "allowed_hash": null, "clips": [{"start": 0, "end": 499, "score": 12.04066276550293}, {"start": 2034, "end": 2540, "score": 8.135551452636719}]}