{"clip_length": 500, "top_fraction": 0.2, "max_frame": null, "allowed_hash": null, "clips": [{"start": 1508, "end": 2007, "score": 9.539496421813965}, {"start": 3707, "end": 4332, "score": 12.580639839172363}, {"start": 4851, "end": 5350, "score": 15.30986213684082}]}