{"clip_length": 500, "top_fraction": 0.2, "max_frame": null, "clips": [{"start": 1568, "end": 2067, "score": 8.977630615234375}, {"start": 3068, "end": 3570, "score": 7.665646553039551}, {"start": 5221, "end": 5711, "score": 9.519593238830566}]}