{"clip_length": 500, "top_fraction": 0.2, "max_frame": null, "allowed_hash": null, "clips": [{"start": 0, "end": 499, "score": 11.224297523498535}, {"start": 1000, "end": 1502, "score": 9.839505195617676}, {"start": 2505, "end": 2537, "score": 12.614068031311035}]}